Category,Text
Category A,ANDSMASFNGREAS
Other,ik: AAT LRT BR242
Other,Re)
Other,KARI: 0571-86612333
Category A,AMR SMASFMHREAS
Other,dh Uk: SUN THEA eR 858
Other,SRRABREE
Other,KARI: 0571-88269885
Category A,ANDRA SHA BFR
Other,BAe
Other,tt: HARA OME
Other,225 (pRB RK
Other,EXAMI: 0571-89391163
Other,BRASMABFMHREAS
Other,th ok: RATE ML
Other,375 SSA
Other,TRAHIE: 0571-89601298
Other,PN THR Sah A BAN PR
Other,BAB
Other,dh LE: AUNTIE RR
Other,"#4765,"
Other,EKA: 0571-61071571
Category A,ANDAR SHABS NR
Other,BAS
Other,i dk: UAT LTR AO-1
Other,=
Other,KARI: 0571-87818803
Other,NEMA WARE (RIL)
Other,BHABFMGREAS
Other,it: HAIR AS7S
Other,KARE: 0571-89520795
Category A,ANE FR SHA SAW
Other,Bas
Other,th hk: IS FX PEAGI7OS 7H
Other,ERAMIB: 89360765
Other,BEDAMASFMHHEAS
Other,th hk: SBR MAILE MAL
Other,291
Other,ERAMBIB: 0571-64721626
Other,NHR Sah ABA
Other,Br
Other,th hk: BAB KASAI A
Other,mh (BY) SRR NES
Other,ERA: 0571-81814567
Other,NTA Rah A BAIR
Other,RAS
Other,ih hit: RBERARMI035 208
Other,FRAPRIE: 85895763
Other,mURBHABFNGREAS
Other,ie tk: ILE UNIT ARLehees
Other,15585
Other,TRAM: 0571-82826076
Other,HFBSMASFSNMHHEAS
Other,th ott: MAP BOSSRI03S +R
Other,*xE
Other,ERATE: 0571-64600110
Other,MN SMRAAHABSAN PR
Other,BAS
Other,th at: BPR BSAA 2S
Other,HS Aa]6S HOR
Other,FRABIB: 0571-63342646
Other,Ho
